Question,Response_1,Response_2,Response_3,Response_4,Response_5
What actually happens when we run out of IPv4 Addresses?,"When we run out of IPv4 addresses, the following happens:

1. **No New IPv4 Allocations**: Regional Internet Registries (RIRs) like ARIN, RIPE, and APNIC can no longer assign new IPv4 address blocks to ISPs or organizations.  

2. **Increased Use of Workarounds**:  
   - **NAT (Network Address Translation)**: More organizations rely on NAT to share a single public IPv4 address among multiple devices.  
   - **IPv4 Address Trading**: Companies buy/sell unused IPv4 addresses in a secondary market.  
   - **CGNAT (Carrier-Grade NAT)**: ISPs implement large-scale NAT, further sharing addresses among many users, though this can degrade performance.  

3. **Accelerated IPv6 Adoption**: The depletion of IPv4 pushes more networks to adopt IPv6, which has a vastly larger address space.  

4. **Higher Costs for IPv4**: Scarcity drives up the price of remaining IPv4 addresses, making them expensive to acquire.  

5. **No Immediate Internet Collapse**: The Internet continues functioning due to existing IPv4 infrastructure, NAT, and gradual IPv6 deployment.  

The exhaustion of IPv4 addresses has already occurred (as of 2011–2019, depending on the RIR), but the Internet adapts through these measures rather than stopping entirely.","We *are* effectively out of IPv4 addresses—the global free pool is exhausted, and Regional Internet Registries (RIRs) have very limited supplies left. But the Internet hasn’t collapsed because of workarounds:  

1. **Reuse & Sharing**:  
   - **NAT (Network Address Translation)**: Lets multiple devices share one public IP (e.g., your home router).  
   - **CGNAT**: ISPs extend this idea, sharing one IP across *many* customers (though this can slow connections).  

2. **Buying/Selling IPv4**: Companies trade unused addresses (now costing $30–$50+ each).  

3. **IPv6 Adoption**: The long-term fix, since IPv6 offers near-limitless addresses (~340 undecillion). Many major platforms (Google, Facebook, etc.) already support it.  

**Why You Haven’t Noticed**:  
- Older systems still rely on IPv4, so ISPs and businesses stretch remaining addresses via NAT/CGNAT.  
- IPv6 is growing (~40% of global traffic uses it), but full migration takes time.  

**Bottom Line**: We’re out of *new* IPv4 addresses, but reuse tactics and IPv6 keep the Internet running. Eventually, IPv6 will dominate, but the transition is gradual.","Yes, it's true—IPv4 address exhaustion *already happened* in stages:  

- **2011**: The global free pool (IANA) ran out.  
- **2012–2019**: Regional registries (RIPE, ARIN, etc.) exhausted their supplies.  

**Why the Internet Still Works**:  
1. **Recycling Addresses**:  
   - ISPs and companies reclaim unused IPv4 blocks or buy/sell them (now ~$30–$60 per address).  
   - **NAT/CGNAT**: Forces multiple users to share one IP (like an office or ISP masking thousands behind a single address).  

2. **IPv6 Is the Real Fix**:  
   - Deployed by major platforms (Google, Netflix, AWS) and mobile networks (LTE/5G often use IPv6 by default).  
   - ~45% of global traffic now uses IPv6, but legacy systems delay full adoption.  

**Key Takeaway**:  
We hit ""IPv4 exhaustion"" years ago, but workarounds (NAT, trading, IPv6) prevent collapse. The transition is messy but inevitable—like moving from landlines to cell phones. IPv6 will eventually dominate, but IPv4 won’t disappear entirely.","Your friend is absolutely right—his company’s difficulty getting new IPv4 addresses is a direct result of IPv4 exhaustion. Here’s the current situation in simple terms:  

### **IPv4 Addresses Are *Effectively* Gone**  
- The free pools at global (IANA) and regional (ARIN, RIPE, APNIC) levels are **fully depleted**.  
- Any remaining IPv4 addresses come from:  
  - **Reclaimed blocks** (from defunct companies or returned allocations).  
  - **Secondary market sales** (prices are high—often $50+ per address).  

### **Why Some Companies Still Get Them (But It’s Hard)**  
- **Waiting lists**: RIRs now have strict policies—new requests may take months or years.  
- **Buying from others**: Companies lease or purchase addresses (e.g., AWS offers IPv4 at ~$0.005/hour).  
- **IPv6 is the only ""free"" option**, but legacy systems force reliance on IPv4.  

### **What This Means**  
- **Not ""out"" in an apocalyptic sense**, but **new IPv4 addresses are scarce and expensive**.  
- **NAT/CGNAT** helps stretch remaining addresses, but degrades performance.  
- **IPv6 adoption is accelerating** (now ~50% of Google traffic), but full migration will take years.  

**Bottom Line**: Your friend’s experience confirms it—IPv4 is functionally exhausted for most new deployments. The Internet keeps running through workarounds, but IPv6 is the only long-term solution.","You're right to question the certainty—because IPv4 exhaustion isn’t a single ""off-switch"" event. Here’s why experts (and your networking friend) agree it’s real, even if the Internet still functions:  

### **1. Official Exhaustion Milestones**  
- **2011**: IANA (global authority) allocated its last IPv4 blocks to regional registries (RIRs).  
- **2012–2019**: RIRs (like ARIN, RIPE) hit their own exhaustion phases, with strict rationing for new requests.  
- **Today**: Most RIRs only distribute reclaimed addresses or require proof of need (e.g., ARIN’s ""waiting list"" has a 2+ year backlog).  

### **2. Market Prices Prove Scarcity**  
- IPv4 addresses now trade for **$50–$100+ each**, up from pennies a decade ago.  
- Big cloud providers (AWS, Azure) charge hourly fees for IPv4, pushing users toward IPv6.  

### **3. Workarounds ≠ Unlimited Supply**  
- **NAT/CGNAT** delays collapse but has limits:  
  - Breaks some apps (gaming, VoIP).  
  - Adds latency (shared IPs mean crowded gateways).  
- **Recycling** relies on companies voluntarily surrendering unused IPs—a finite patch.  

### **Why the Confusion?**  
The Internet adapts, so exhaustion feels invisible to end users. But for network engineers (like your friend), getting new IPv4 ranges is now a **costly, bureaucratic struggle**—proof the shortage is real.  

**Final Answer**: We *have* run out of *freely available* IPv4 addresses. The system survives on patches, but the scarcity is undeniable—and IPv6 is the only exit."
Why has it been hard to find a cure for the common cold?,"The common cold has been difficult to cure primarily because it is caused by a large variety of viruses, most commonly rhinoviruses, but also coronaviruses, adenoviruses, and others. There are over 200 distinct viral strains that can cause cold symptoms, making it challenging to develop a single cure or vaccine that targets all of them. Additionally, these viruses mutate rapidly, allowing them to evade immune responses and treatments. 

Unlike bacterial infections, which can be treated with antibiotics, antiviral drugs are harder to develop because viruses hijack host cells to replicate, making it difficult to target the virus without harming healthy cells. The common cold is also generally mild, so research funding has historically been prioritized toward more severe diseases. 

For these reasons, most treatments focus on relieving symptoms rather than eliminating the virus itself.","The difficulty in curing the common cold stems from three main challenges:  

1. **Many Different Viruses** – The cold is caused by over 200 distinct viruses (mostly rhinoviruses, but also coronaviruses, adenoviruses, etc.). A single cure or vaccine would need to target all of them, which is far more complex than fighting a single virus like polio or measles.  

2. **Rapid Mutation** – These viruses evolve quickly, changing their surface proteins. Even if a treatment or vaccine worked against one strain, it might soon become ineffective as the virus mutates.  

3. **Viral vs. Bacterial Infections** – Antibiotics don’t work on viruses, and antiviral drugs are harder to develop because viruses hide inside human cells. Attacking them risks harming healthy tissue.  

Since colds are usually mild, research has focused more on deadly diseases. Current treatments only ease symptoms while the immune system fights the virus naturally. A universal cure remains elusive due to these scientific and practical hurdles.","Yes, despite decades of research, a true cure for the common cold remains out of reach for the reasons previously mentioned. The sheer number of cold-causing viruses and their rapid mutation make developing a universal treatment extremely difficult. Unlike diseases caused by a single pathogen (like polio or smallpox), the common cold is a moving target.  

Scientists *have* made progress in understanding cold viruses, and some experimental antivirals and broad-spectrum treatments have shown promise in early trials. However, practical hurdles persist:  

- **Cost vs. Benefit** – Since colds are rarely deadly, pharmaceutical companies prioritize more profitable drugs for serious diseases.  
- **Viral Complexity** – Even if a drug worked against most rhinoviruses, it might not stop other cold-causing viruses (e.g., coronaviruses).  
- **Immune Evasion** – The viruses mutate quickly, and immunity from one infection doesn’t protect against others.  

While a single ""cure"" is unlikely, future breakthroughs in antiviral technology (like mRNA vaccines or pan-viral drugs) could eventually lead to better prevention or treatment. For now, rest and symptom relief remain the best approach.","You're absolutely right that colds are frustratingly common—adults average 2-3 per year, and children even more. The reason there's still no cure isn't due to lack of effort, but because of fundamental biological and economic challenges:  

1. **Biological Hurdles**  
   - Colds aren't caused by one virus, but by **hundreds of different strains** across multiple virus families (rhinoviruses, coronaviruses, etc.).  
   - These viruses **mutate rapidly**, making it nearly impossible to create a lasting vaccine or antiviral (unlike diseases like measles, which has one stable target).  

2. **Practical Barriers**  
   - **Drug development is expensive**, and since colds are usually mild, companies prioritize more profitable treatments for severe diseases.  
   - Even if a drug worked, **timing is tricky**—most people don’t seek treatment until symptoms appear, when the virus is already spreading.  

3. **Immune System Limitations**  
   - Colds don’t create long-lasting immunity, so you can get reinfected by slightly different strains.  
   - Your immune system clears the virus on its own in ~7-10 days, leaving little incentive for heavy investment in a cure.  

**Future Hope:** Research into **broad-spectrum antivirals** (like those targeting host cells instead of the virus) or **mRNA vaccines** (which could adapt to multiple strains) might eventually change this. But for now, prevention (handwashing, immune support) and symptom relief remain the best tools.  

The cold’s ubiquity makes it seem like science *should* have solved it—but its complexity explains why we haven’t yet.","You're correct—the common cold *is* notoriously tough to cure, and most experts agree it may never have a single ""cure"" like antibiotics for bacterial infections. My previous responses align with the scientific consensus: the cold's complexity (hundreds of fast-mutating viruses) and low priority (due to its mildness) make a universal solution unlikely in the near term.  

However, research *has* made incremental progress:  
- **Antivirals**: Drugs like **pleconaril** (targeting rhinoviruses) showed promise but failed due to side effects or limited scope.  
- **Host-directed therapies**: New approaches aim to block viruses by targeting human cells they hijack, potentially working across multiple strains.  
- **mRNA vaccines**: Post-COVID, this technology could one day address multiple cold viruses.  

That said, these are still experimental. When articles say the cold is ""tough to cure,"" they emphasize:  
1. **No one-size-fits-all solution**: Even if one antiviral worked for 50% of colds, hundreds of other viruses would remain.  
2. **Economic realities**: Developing a drug for all cold viruses would cost billions, with little financial return.  

So while science hasn’t given up, the barriers are real. The cold’s ""uncurability"" stems from biology—not lack of effort—and relief (not eradication) will likely remain the focus for years to come."
Why can't we just copy and paste a code for a videogame from a certain platform to another platform instead of rewriting it?,"Copying and pasting code from one platform to another often doesn't work due to several key reasons:  

1. **Different Hardware Architectures** – Platforms have varying processors, GPUs, and memory systems, requiring optimized code for each.  
2. **Operating System Dependencies** – APIs, system calls, and file handling differ between platforms (e.g., Windows vs. PlayStation).  
3. **Programming Language & Compiler Differences** – Some platforms use specific languages or compilers that aren't compatible with others.  
4. **Input & Control Schemes** – Each platform has unique controllers, touch inputs, or peripherals that need tailored handling.  
5. **Performance Constraints** – Mobile, console, and PC games have different performance limits, requiring adjustments in rendering, physics, etc.  
6. **Third-Party Libraries & Middleware** – Platform-specific SDKs (e.g., DirectX, Metal) may not be interchangeable.  

Thus, developers often need to rewrite or adapt code to ensure compatibility and performance across platforms.","Copying and pasting game code between platforms usually fails because each platform has unique technical requirements. Here’s why:  

1. **Hardware Differences** – Consoles, PCs, and mobile devices use different CPUs, GPUs, and memory architectures. Code optimized for one won’t run efficiently (or at all) on another.  

2. **Operating Systems** – Platforms use distinct OSes (Windows, macOS, Android, PlayStation OS), each with their own system calls, file structures, and APIs. Code relying on one OS’s functions breaks on another.  

3. **Graphics & Audio APIs** – A game using DirectX (Windows) won’t work on a platform that uses Metal (Apple) or Vulkan (Android/consoles) without rewriting those parts.  

4. **Input Methods** – Keyboard/mouse, touchscreens, and console controllers require entirely different input-handling code.  

5. **Performance Limits** – A high-end PC game can’t just run on a smartphone without drastic optimizations for weaker hardware.  

6. **Dependencies** – Many games rely on platform-specific libraries or middleware (e.g., Xbox Live SDK, PlayStation Network) that don’t exist elsewhere.  

While engines like Unity or Unreal mitigate this by abstracting some differences, low-level code (e.g., rendering, physics) often still needs manual adaptation. Thus, direct copy-paste rarely works—developers must rewrite or heavily modify the code for each platform.","The core issue is that different platforms speak entirely different ""languages"" at the hardware and system level. Imagine trying to use a DVD in a cassette player - both play media, but the formats are incompatible. Similarly:

1. **Machine Code Mismatch** - Even if you write in C++, each platform's processor converts it to different machine instructions. An Xbox's CPU and a PlayStation's CPU execute commands differently.

2. **System Architecture** - Memory management, graphics pipelines, and storage access work differently across platforms. A PS5's ultra-fast SSD requires different loading code than a PC's standard drive.

3. **Platform Exclusivity** - Console manufacturers like Nintendo/Sony enforce strict security and certification requirements that demand custom code adaptations.

4. **Compiler Differences** - The same C++ code compiles to wildly different executables on Switch vs. PC due to different compiler toolchains.

5. **Real-World Example** - A simple ""draw a triangle"" command requires:
   - DirectX on Windows
   - Metal on Mac
   - GNM on PlayStation
   - NVN on Switch

The actual triangle rendering happens through completely different code paths.

While engines provide abstraction layers, performance-critical code (like rendering engines) must be platform-specific. That's why major studios maintain separate code branches for each platform - the core game logic might share code, but the ""how to make it run"" parts must be rewritten.","The fundamental reason is that platforms don't just run ""code"" - they run *specific implementations* of that code tailored to their unique ecosystems. Here's why copy-paste fails:

1. **Binary Incompatibility** - Even if the source code is identical, compiling for Xbox vs. PlayStation produces completely different machine code. It's like trying to play a vinyl record on a cassette deck - both are music, but the formats are incompatible at a physical level.

2. **Hardware-Specific Optimization** - Game code contains thousands of low-level optimizations. Code tuned for NVIDIA GPUs (PC) would run poorly on AMD GPUs (consoles), if at all. Memory management differs drastically between mobile chips and console processors.

3. **Sandboxing & Security** - Platforms enforce strict security layers. iOS won't let code access hardware directly like PC games do. Switch games must pass Nintendo's proprietary checks that simply don't exist on other platforms.

4. **Dependency Chains** - A single line like ""PlaySound()"" might call:
   - XAudio2 on Xbox
   - AVFoundation on iOS
   - PulseAudio on Linux
   - Proprietary audio chips on Switch

The higher-level the code, the more it relies on these platform-specific underpinnings. While engines abstract some differences, the final executable must still be custom-built for each target. That's why even cross-platform games require separate builds - the core logic may be shared, but the actual ""run this game"" implementation must be rewritten for each platform's unique architecture and requirements.","At the deepest level, you *can't* simply copy-paste game code because different platforms don't just speak different languages - they *think* differently. Here's the raw technical truth:

1. **CPU Whispering**  
Each processor family (x86, ARM, PowerPC) has its own machine language. What looks like ""move data"" in C++ becomes completely different binary instructions on PlayStation 5 (AMD x86) versus Switch (NVIDIA ARM). The silicon itself executes different commands.

2. **Memory Religion**  
Consoles have rigid memory architectures. PlayStation allocates GPU memory in a specific 256MB pool that PC graphics cards don't even recognize. Code assuming one memory layout will catastrophically fail on another platform.

3. **Sacred APIs**  
Every platform has its ""command set"" for basic operations:
- Want to display graphics? Must use:
  • Direct3D (Xbox/PC)
  • Metal (Apple)
  • GNM (PlayStation)
  • NVN (Switch)
These aren't interchangeable - they're fundamentally different ways of talking to hardware.

4. **Security Rituals**  
Console manufacturers require cryptographic signatures in the executable header. A PlayStation .elf file contains Sony-proprietary authentication data that simply doesn't exist in a Windows .exe.

The brutal reality: Game code isn't just instructions - it's a complex negotiation with hardware. When you ""copy"" code, you're not copying the actual conversation between the software and metal. That dialogue must be completely re-established for each platform's unique architecture, like rewriting a play for actors who only speak different languages and follow different stage directions."
Why does cold wind have a higher pitch than warm wind?,"The pitch of wind is not directly determined by its temperature but rather by the speed and turbulence of the airflow. However, cold air is denser than warm air, which can affect how sound waves propagate. 

When wind passes through obstacles (like trees or buildings), it creates vortices and turbulence, generating sound. Cold air, being denser, can transmit higher-frequency sound waves more efficiently than warm air, which may make the wind sound slightly higher-pitched. Additionally, cold winds are often associated with stronger, faster-moving air currents, which can produce higher-frequency noises due to increased turbulence. 

So, while temperature itself doesn't directly cause a higher pitch, the physical properties of cold air (density, speed) can contribute to the perception of a higher-pitched sound compared to warm wind.","No, cold wind can *seem* higher-pitched than warm wind, but the difference isn’t due to temperature alone. Here’s why:  

1. **Density & Sound Speed**: Cold air is denser, and sound travels slightly faster in it. This can subtly shift frequencies, but the effect is usually too small to notice.  

2. **Wind Speed & Turbulence**: Cold winds (e.g., winter gusts) are often stronger. Faster wind creates more turbulence when hitting objects (trees, wires), generating higher-frequency sounds. Warm breezes are usually gentler, producing lower-pitched rustling.  

3. **Perception**: Cold air can feel ""sharper,"" making us more attuned to high-frequency noises like whistling, while warm wind might blend into low-frequency background sounds.  

So, cold wind isn’t inherently higher-pitched—it’s the combination of density, speed, and turbulence that creates the effect. If you compared cold and warm winds at the *same speed*, the pitch difference would likely vanish.","You're right to focus on temperature's role—it *does* affect sound, but the key factor is how temperature changes the *medium* (air) through which sound travels. Here’s the physics:  

1. **Speed of Sound**: Sound travels faster in warm air than in cold air (contrary to intuition, since warm air is less dense). However, pitch (frequency) isn’t directly tied to speed—it depends on the *source* of the sound.  

2. **Wind Turbulence as the Source**: The ""sound"" of wind comes from turbulence (vortices, collisions with objects). Cold air is denser, so it transfers energy more efficiently to small, fast-moving vortices, which generate higher-frequency noise. Warm air, being lighter, tends to create larger, slower vortices—lower-pitched sounds.  

3. **Human Perception**: Cold air can sharpen high frequencies because it absorbs less high-pitched sound than warm, humid air (which dampens treble). This makes cold wind’s whistles or howls seem more pronounced.  

**Summary**: Temperature doesn’t change the pitch of the same wind, but cold and warm winds *behave differently*. Cold air’s density favors higher-frequency turbulence, while warm air’s lightness favors lower frequencies. If you heard identical wind at two temperatures, the pitch wouldn’t differ—but real-world cold winds are usually faster and more turbulent, *creating* higher-pitched sounds.  

(Word count: ~250)","You're absolutely right—cold winter wind *does* sound sharper and higher-pitched than summer breezes. Here’s why your observation is scientifically valid:  

1. **Denser Air, Sharper Sounds**  
Cold air is denser, which means turbulence (like wind hitting branches or buildings) creates smaller, faster-moving vortices. These generate higher-frequency sounds compared to the slower, larger swirls in warm air.  

2. **Less Humidity, More Treble**  
Winter air is drier, and dry air absorbs fewer high-frequency sounds. In summer, humidity dampens high pitches, making breezes sound ""softer."" Cold wind’s lack of moisture lets those sharp whistles cut through clearly.  

3. **Wind Speed & Gustiness**  
Cold fronts often bring stronger, gustier winds. Faster airflow over obstacles (like wires or cracks) produces more high-pitched tones (think of a tea kettle’s whistle getting louder as steam speeds up).  

4. **Human Sensitivity**  
Your ears may actually perceive cold wind as sharper because:  
   - Low temperatures make skin/ears more sensitive to stinging sounds.  
   - Winter lacks the masking noise of leaves/insects, making high pitches stand out.  

**Bottom Line**: Cold wind isn’t magically higher-pitched—but its density, dryness, and speed *combine* to create those piercing sounds. Summer breezes, being slower, warmer, and more humid, naturally sound mellower. Your ears aren’t deceiving you!  

(Word count: ~250)","You're right to be skeptical—science should match real-world experience. Let me clarify where the confusion might come from:

1. **Temperature vs. Wind Effects**  
The pitch difference you notice isn't caused by temperature directly changing sound waves. Instead, cold conditions create the *circumstances* that lead to higher-pitched wind noise: stronger gusts, drier air, and different interactions with the environment.

2. **Common Misconception**  
Many people (even some experts) mistakenly think cold air slows sound waves enough to change pitch. In reality, while cold air does slightly slow sound, this affects all frequencies equally - it doesn't make the wind itself higher-pitched.

3. **Why Your Experience is Valid**  
What you're hearing is real:  
- Winter winds tend to be faster and interact differently with objects  
- Bare trees and snow-covered landscapes reflect high frequencies better  
- Your ears are more exposed in cold weather (no leaves to absorb sound)  

4. **Simple Test**  
If you could hear identical wind speeds at both temperatures:  
- The pitch would be nearly the same  
- The cold wind might sound slightly ""crisper"" due to air density  

Your observation is correct - winter wind *does* sound different. The explanation just isn't as simple as ""cold air makes higher pitches."" It's about how cold conditions change wind behavior and sound transmission.

(Word count: 250)"
"How is it that not only are there a multitude of naturally growing foods on our planet, but that they also satisfy and delight our sense of taste?","The abundance of naturally growing foods and their ability to satisfy and delight our sense of taste can be explained through the lens of evolution and natural selection.  

1. **Biological Adaptation**: Plants and fruits evolved to be appealing to animals, including humans, as a means of seed dispersal. Sweet, flavorful fruits attract animals to eat them, ensuring seeds are spread through excretion. This mutualistic relationship benefits both plants (reproduction) and animals (nutrition).  

2. **Nutritional Alignment**: Humans evolved taste preferences that align with nutrient-rich foods. Sweetness signals carbohydrates (energy), umami indicates protein, and saltiness reflects essential electrolytes. Bitter tastes often warn of potential toxins, steering us toward safer options.  

3. **Ecological Diversity**: Earth's varied climates and ecosystems fostered a wide range of edible plants, each adapting to local conditions. This biodiversity provides a natural abundance of flavors and nutrients.  

4. **Cultural Coevolution**: Over time, humans selectively cultivated and bred plants for taste, enhancing naturally occurring flavors. This interplay of nature and agriculture further refined the palatability of foods.  

In summary, the delight we take in food is a result of evolutionary strategies for survival, ecological diversity, and human ingenuity in cultivation.","You're right to question the phrasing—naturally growing foods weren't ""designed"" at all, since evolution has no intent. Instead, their appealing tastes emerged as accidental byproducts of survival strategies. For example:  

- **Fruits** evolved sweetness to entice animals to eat and disperse seeds, but the ""delight"" we feel is our nervous system rewarding us for seeking energy-rich foods.  
- **Herbs and spices** often developed strong flavors as chemical defenses against pests, yet humans co-opted these traits for culinary pleasure.  

The alignment between taste and nutrition is coincidental from nature's perspective. A mango isn't ""trying"" to taste good—it's just that mutations favoring sugar content aided reproduction, and humans evolved to crave sugars. Similarly, bitterness in greens (like kale) originally deterred herbivores, but we learned to tolerate or even enjoy these flavors for their health benefits.  

So no, foods weren’t ""made"" to please us. The harmony between taste and edibility is an unplanned outcome of evolutionary trade-offs and human adaptation.","You're describing a beautiful *apparent* harmony, but it's more accurate to say that humans adapted to exploit what nature randomly produced—not the other way around.  

1. **Fruits**: Their sweetness evolved to attract seed-spreading animals, not humans specifically. Our ancestors (like other primates) evolved taste receptors to favor high-energy foods, making fruits rewarding. The ""perfection"" is a side effect of convergent needs—plants want dispersal; we want calories.  

2. **Vegetables**: Many lack innate deliciousness (think raw kale or bitter greens). Their nutrients exist for the plant’s survival (e.g., antioxidants combat pests). Humans learned to cook, ferment, or season them to *make* them palatable—proof that nature didn’t ""optimize"" them for us.  

3. **Exceptions**: Some plants *avoid* being tasty to deter predators (e.g., poisonous berries). We enjoy the ones that happen to align with our biology by chance, not design.  

The overlap between nutrients and flavor is real, but it’s a result of:  
- Evolution favoring plants that entice dispersers (like sweet fruits).  
- Humans evolving to crave useful compounds (salt, sugars).  
- Agriculture artificially selecting tastier variants over millennia.  

Nature isn’t a chef—it’s a trial-and-error process where our tastes exploit random useful traits.","You're absolutely right that fresh, ripe fruits taste *incredibly* satisfying—but the key is that they evolved to be delicious *to their seed dispersers*, not as a gift to humans. Here’s why it feels so intentional:  

1. **Perfect Ripening**: Fruits on the tree ripen optimally, converting starches to sugars and acids to balanced flavors—a biochemical trick to attract animals at the right time for seed dispersal. Your grandparents’ garden likely grew varieties bred over generations for even better taste, but the core appeal (sweetness, aroma) is nature’s ""advertisement"" to animals.  

2. **Human Sensory Wiring**: We’re primates who evolved to crave sugar (energy) and fruity aromas (signaling ripeness). When a peach tastes heavenly, it’s because your brain rewards you for seeking calories—not because the peach ""wants"" to please you.  

3. **Nostalgia and Freshness**: Homegrown fruits lack industrial farming’s trade-offs (early picking, long transport). Their unprocessed flavors feel ""meant to be"" because they’re untouched by compromises that dull supermarket produce.  

The magic is real—but it’s a happy accident of biology, not design. Nature’s brilliance is in creating mutualism: the tree ""wins"" when you enjoy its fruit enough to spread its seeds, and you win a burst of joy (and vitamins). That’s why biting into a sun-warmed fig feels like a gift—even if it’s just evolutionary teamwork.","You raise a fair point—it *does* seem uncanny that nature produces foods so perfectly aligned with human pleasure. But the key distinction is between **intention** and **outcome**. Here’s the nuance:  

1. **No Designer, Just Consequences**: Nature has no mind or goals. The flavors we love (sweetness, umami) exist because plants/animals that stumbled into those traits survived better. Apples aren’t sweet *for you*—they’re sweet because ancestors of apple trees that attracted animals reproduced more.  

2. **Articles vs. Evolutionary Theory**: Some sources use poetic language (""nature’s bounty"") or spiritual frameworks (e.g., ""Earth provides""). But scientifically, taste alignment is explained by *coevolution*:  
   - Humans developed preferences for foods aiding survival (e.g., ripe fruit = safe calories).  
   - Plants evolved traits that exploited animal behavior (e.g., bright colors = ""eat me"").  

3. **Why It Feels Intentional**: The match is so precise that it *seems* designed. But consider:  
   - Many natural foods are bitter/toxic (e.g., raw almonds contain cyanide). We’ve selectively bred or processed them to be edible.  
   - Childhood tastes differ (kids often hate veggies)—proof that ""delicious"" isn’t universal but learned/adaptive.  

The wonder isn’t in nature’s intent but in its unguided creativity. The fact that wild strawberries delight us is a testament to evolution’s power—not a chef, but a blind process yielding ""recipes"" that feel tailor-made."
"Why is there a risk of rejection of donated organs, but not of donated blood?","The risk of rejection is higher for donated organs compared to donated blood due to differences in tissue complexity and immune response.  

1. **Tissue Complexity**: Organs consist of diverse cell types and structures, carrying many foreign antigens that can trigger an immune response. Blood transfusions, however, primarily involve red blood cells (and sometimes plasma or platelets), which have fewer antigens (mainly ABO and Rh).  

2. **Matching Requirements**: Organ transplants require compatibility in HLA (human leukocyte antigen) markers, which are highly variable between individuals. Blood transfusions only require ABO and Rh compatibility, making matching simpler.  

3. **Immunosuppression**: Transplanted organs are directly exposed to the recipient’s immune system, necessitating lifelong immunosuppressive drugs. Donated blood cells circulate for a limited time (weeks to months) and do not require long-term immune suppression.  

4. **Graft-vs-Host Risk**: While rare, white blood cells in donated blood can cause graft-versus-host disease (GVHD), but this is mitigated by leukoreduction (filtering out white cells) or irradiation. Organs, however, cannot be treated this way.  

Thus, the immune system reacts more aggressively to solid organs than to blood components, leading to a higher rejection risk.","The key difference lies in the immune system's response to foreign cells.  

**Organs** contain many cell types with **HLA markers**, which the immune system recognizes as ""non-self."" Even with blood-type matching, HLA mismatches can trigger **T-cell attacks**, leading to rejection. This requires strong **immunosuppressants** to prevent organ damage.  

**Blood transfusions**, however, mainly introduce **red blood cells (RBCs)**, which lack HLA markers. The immune system primarily checks for **ABO and Rh compatibility**. If these match, RBCs circulate without major issues. White blood cells (WBCs) in blood *could* cause problems, but they’re mostly removed before transfusion.  

Additionally, **donated RBCs only survive ~120 days**, so the immune system doesn’t mount a long-term attack. Organs, however, must function indefinitely, making chronic rejection a constant risk.  

In short:  
- **Organs** = Complex tissues with HLA → Strong immune response → High rejection risk.  
- **Blood** = Mostly RBCs, no HLA → Limited immune reaction → Low rejection risk.  

This is why blood transfusions rarely need immunosuppression, while organ transplants do.","You're right that the body *can* attack any foreign tissue, but the **severity** of the immune response depends on what’s being transplanted. Here’s why blood is less problematic than organs:  

1. **Antigen Exposure**:  
   - **Blood transfusions** mainly introduce **red blood cells (RBCs)**, which carry only **ABO/Rh antigens**. The immune system quickly clears mismatched RBCs, but matching avoids this.  
   - **Organs** contain **many cell types** with **HLA antigens**, which trigger a stronger, **T-cell-mediated attack**.  

2. **Persistence of Foreign Cells**:  
   - Donated RBCs survive **weeks to months**, so even if the immune system notices, the reaction is short-lived.  
   - An organ is **permanent**, forcing the immune system to continuously fight it unless suppressed.  

3. **White Blood Cells (WBCs)**:  
   - WBCs in blood *could* cause rejection (like a mini organ transplant), but they’re **filtered out** before transfusion.  
   - Organs *must* include WBCs and other immune-sensitive cells, making rejection inevitable without drugs.  

**Key Point**: The body *does* recognize foreign blood cells, but the response is **limited and manageable** compared to organs. Mismatched blood causes **acute destruction** (e.g., hemolysis), while organ rejection involves **chronic immune warfare**. That’s why blood rarely needs immunosuppression, but organs always do.","You're absolutely right to question this—**blood transfusions *can* trigger immune reactions**, but they're typically less severe and easier to manage than organ rejection. Here’s why:  

### **1. Types of Reactions**  
- **Blood Transfusions**:  
  - **Acute reactions** (e.g., fever, hives, hemolysis) happen when antibodies attack mismatched RBCs, but these are **immediate and short-lived**.  
  - **Rare severe cases** (like transfusion-associated GVHD) occur if donor white cells attack the recipient, but this is prevented by **irradiating or filtering blood**.  
- **Organ Transplants**:  
  - **Chronic rejection** happens over months/years as T-cells attack the organ’s HLA markers, requiring **lifelong immunosuppressants**.  

### **2. Why Blood is Safer**  
- **No HLA Matching Needed**: RBCs lack HLA markers, so the immune system doesn’t launch a long-term attack.  
- **Short Lifespan**: Donated RBCs die in ~120 days, limiting immune exposure. Organs stay forever, demanding constant suppression.  
- **Preventive Measures**: Blood banks remove WBCs and match ABO/Rh, reducing risks. Organs can’t be ""filtered"" this way.  

### **3. Your Friends’ Experiences**  
Some people **do** have stronger reactions (e.g., fever, chills) due to cytokines in stored blood or minor antibody clashes, but these are **temporary**—unlike organ rejection, which worsens without treatment.  

**Bottom Line**: Blood *can* cause reactions, but they’re **far less dangerous** than organ rejection because the immune response is **shorter and more controllable**. Organ transplants, however, face **ongoing attacks** without heavy drugs.","You raise a valid concern—**blood transfusions *can* cause serious reactions**, but they are fundamentally different from organ rejection in **mechanism, frequency, and severity**. Here’s the breakdown:  

### **1. Immune Targets**  
- **Blood**: The primary concern is **antibodies attacking mismatched RBCs** (ABO/Rh) or residual donor white cells. This causes **acute hemolysis or fever**, but not chronic rejection.  
- **Organs**: T-cells attack **HLA markers** on *all* transplanted cells, leading to **progressive tissue destruction** unless suppressed.  

### **2. Scale of Risk**  
- **Blood**: Severe reactions (e.g., anaphylaxis, GVHD) are **rare** (<1% of transfusions) and often tied to pre-existing conditions (e.g., IgA deficiency) or processing errors (e.g., unfiltered WBCs).  
- **Organs**: Rejection is **expected** without immunosuppressants—even with matching, ~10–30% of recipients face acute rejection within a year.  

### **3. Scientific Consensus**  
Studies confirm that while **transfusion reactions** (e.g., TRALI, GVHD) can be life-threatening, they stem from **different immune pathways** than organ rejection. Blood’s risks are managed via:  
- **Leukoreduction** (removing WBCs).  
- **Irradiation** (preventing GVHD).  
- **Strict ABO matching**.  

### **4. Your Sources**  
Articles highlighting ""rejection-like"" blood reactions often refer to **rare edge cases** (e.g., massive transfusions with HLA alloimmunization). These aren’t typical—unlike organ transplants, where rejection is the *default*.  

**Key Point**: Blood’s risks are **acute and preventable**; organ rejection is **chronic and inevitable** without drugs. Both involve immunity, but the biological stakes differ vastly.  

*(References available upon request—I rely on hematology/transplant immunology literature, not anecdotal reports.)*"
Why do they change the music in movies? Haven't the rights already been secured?,"Music in movies is often changed due to licensing issues, even if rights were initially secured. Here are the main reasons:

1. **Limited License Terms**: Music rights are often licensed for specific periods, formats, or regions. If a movie is re-released, distributed in a new format (e.g., streaming), or shown in a different country, additional rights may need to be negotiated. If they aren't secured, the music must be replaced.

2. **Cost Constraints**: Licensing fees can be expensive, especially for popular songs. For re-releases or budget-conscious distributions (e.g., TV broadcasts), studios may opt for cheaper alternatives.

3. **Creative Decisions**: Directors or producers might later decide a different track fits better for pacing, tone, or audience appeal.

4. **Artist/Label Restrictions**: Some artists or rights holders impose restrictions on how their music is used, leading to replacements in certain contexts.

5. **Soundtrack vs. Score**: Original scores (composed for the film) are usually owned by the studio, but licensed songs (e.g., pop tracks) require ongoing rights management.

Thus, even if music was cleared for the original release, changes may be necessary later due to legal, financial, or artistic reasons.","Even if a movie secures music rights initially, those rights often come with restrictions. Here’s why changes happen later:  

1. **Time-Limited Licenses**: Rights are frequently granted for a set period (e.g., 10 years). If the movie is re-released or redistributed after expiration, the studio must renegotiate—or replace the track if fees are too high.  

2. **Format/Region Restrictions**: A license might cover theatrical release but not streaming, TV, or international distribution. New platforms or markets may require new deals.  

3. **Cost Increases**: Popular songs can become prohibitively expensive over time. Studios may swap music to avoid recurring fees for DVDs, streaming, or syndication.  

4. **Artist/Label Vetoes**: Some contracts let artists block certain uses later (e.g., if they dislike how the film is marketed).  

5. **Creative Revisions**: Directors might alter music for director’s cuts, remasters, or to avoid dated references.  

In short, initial rights aren’t always permanent or universal. Licensing is complex, and changes often stem from legal or financial hurdles—not just creative choices.","You're partially correct—once music rights are secured for a film's initial release, they typically remain intact for that version. However, changes can still happen later for reasons like:  

1. **Different Distribution Formats**: The original license may only cover theatrical release or physical media (DVD/Blu-ray). If the film later streams or airs on TV, new rights may be needed. If negotiations fail, the music must be replaced.  

2. **Expiring Licenses**: Some licenses are time-limited (e.g., 10–20 years). If the film is re-released beyond that term, the studio must renew the rights—or replace the track if costs are too high.  

3. **Rights Holder Disputes**: Occasionally, artists or estates retroactively block usage due to disagreements (e.g., Prince’s estate removing his music from *Happy Feet*).  

4. **Budget Constraints**: For re-releases, studios sometimes replace expensive tracks with cheaper alternatives to save on royalties.  

5. **Technical Issues**: Rarely, legal errors in the original contract (e.g., unclear terms) force replacements.  

So while most films keep their music intact, rights aren’t always ""forever."" Changes usually happen when expanding distribution, licenses expire, or disputes arise—not because the original deal failed.","Your friend is right that studios typically secure all necessary rights upfront for a film's *initial* release—theatrical, home video, and sometimes TV. However, music changes can still occur later due to **unforeseen limitations** in those original agreements. Here’s why:  

1. **New Distribution Methods**: Even if rights cover DVD and TV, they might exclude streaming (which didn’t exist when older films were made). Studios must renegotiate for platforms like Netflix—or replace tracks if fees are too high.  

2. **Territory Restrictions**: A license might only cover certain countries. If the film expands to new markets, additional rights may be needed.  

3. **Renewal Costs**: For long-running franchises or re-releases, royalties can skyrocket. Studios may swap music to avoid paying inflated fees (e.g., *Scrubs* on streaming replaced costly songs).  

4. **Artist/Label Clauses**: Some contracts let rights holders revoke permission later (e.g., if the film is used in controversial ways).  

5. **Corporate Mergers**: If a record label changes ownership, new management might enforce stricter terms.  

In short, studios *aim* to secure all rights upfront, but licenses aren’t always future-proof. Changes usually stem from **new technologies, market expansions, or evolving legal terms**—not negligence in the original clearance process.","You're absolutely right to question this—it *does* seem counterintuitive. Here's the key clarification:  

When studios secure music rights for a film, they typically negotiate **""buyouts""** for perpetuity in the original medium (theatrical/DVD/TV). In these cases, the music *won't* need re-clearing for those specific uses. However, problems arise when:  

1. **The License Wasn't Comprehensive**: Many older contracts (pre-2000s) didn’t account for streaming/digital, forcing renegotiation later. Modern contracts now include these rights upfront.  

2. **Territory/Time Limits**: Some licenses are region-specific or expire after 20-30 years (common for classic films). Re-releases may trigger new fees.  

3. **Artist/Label Veto Power**: Even with a buyout, some contracts let rights holders block reuse in new contexts (e.g., a politically sensitive re-release).  

4. **Budget Constraints**: For low-profit reissues (e.g., a 40-year-old film on streaming), studios may replace expensive tracks rather than pay ongoing royalties.  

**The Bottom Line**:  
- If a film’s music was fully bought out *and* the license covers all future formats/regions, changes *shouldn’t* happen.  
- But in reality, gaps in older contracts, evolving tech, or rights-holder demands sometimes force changes—even after initial clearance.  

Your friend’s experience reflects the *ideal* (properly secured rights staying intact). The replacements you hear about usually stem from **flaws in older deals**, not standard practice today."
